MOTHERBOARD,,,,CPU,,,,,CPU COOLER,,,,,GPU,,,,,RAM,,,,,,PSU,,,,,STORAGE,,,,,CHASIS,,,,
BRAND,NAME,PRICE,STOCKS,USER RATING,BRAND,NAME,PRICE,STOCKS,USER RATING,BRAND,NAME,PRICE,STOCKS,USER RATING,BRAND,NAME,PRICE,STOCKS,USER RATING,BRAND,NAME,PRICE,STOCKS,USER RATING,BRAND,NAME,PRICE,STOCKS,USER RATING,BRAND,NAME,PRICE,STOCKS,USER RATING,BRAND,NAME,PRICE,STOCKS,USER RATING
MSI,MPG Z490 GAMING CARBON WIFI,13000,99,4.5,AMD,RYZEN 9 5900X,40500,50,4.5,Noctua,Noctua NH-D15,4100,99,4.5,GIGABYTE,RTX 3090,90000,99,4.4,T-Force,T FORCE DELTA RGB 2X8GB 3200MHZ,6000,99,3.1,Rakk,Rakk Power Supply 400watts,450,99,3,WESTERN DIGITAL,WESTERN DIGITAL BLUE HARD DISK DRIVE 1TB 7200RPM,5527,99,4.5,PHANTEKS,PHANTEKS P500A,6902,99,4.4
MSI,MPG X570 GAMING PRO CARBON WIFI ,14000,99,4.5,AMD,RYZEN 7 5800X,30000,50,5,Cooler Master,Cooler Master Hyper 212 RGB Black Edition,5350,99,4.6,GIGABYTE,RTX 3080,78000,99,4.3,T-Force,T FORCE DELTA RGB 2X8GB 3000MHZ,5400,99,4,Electron,Electron 700watts Power Supply,900,99,3,WESTERN DIGITAL,WESTERN DIGITAL BLACK CAVIAR HARD DISK DRIVE 1TB,5722,99,4.5,PHANTEKS,PHANTEKS P400A,6726,99,4.3
MSI ,MAG B550M BAZOOKA ,7800,99,5,AMD,RYZEN 5 5600X,21300,50,4.8,Noctua,Noctua NH-L9,3550,99,4.2,ASUS,RTX 3090,95000,99,4.2,T-Force,T FORCE DELTA RGB 8GB 3200MHZ,2800,99,4.2,Intelligent,Intelligent 700watts Power Supply,700,99,3,WESTERN DIGITAL,WESTERN DIGITAL PURPLE 8TB 6400RPM SURVEILLANCE,7436,99,4.5,PHANTEKS,PHANTEKS P300A,3348,99,4.2
MSI ,MAG B550 TOMAHAWK,9500,99,4,AMD,RYZEN 5 3600,11300,50,4.7,NZXT,NZXT Kraken Z-3,6500,99,5,ASUS,RTX 3080,85000,99,5,T-Force,T FORCE DELTA RGB 8GB 3000MHZ,2800,99,4.6,Corsair,Corsair Cv550w 80+ Bronze,3000,99,4.8,SEAGATE,SEAGATE BARRACUDA 1TB,4763,99,4.45,RAKK,RAKK HALIYA ATX WHITE,5373,99,5
GIGABYTE,B450 AUROS,5700,99,4.5,AMD,RYZEN 5 3400G,10000,50,4.58,Corsair,Corsair iCUE H115i Elite Capellix,5100,99,5,MSI,RTX 3090,89000,99,3.5,T-Force,T FORCE DELTA RGB 2X8GB 2666MHZ,5500,99,4.2,Thermaltake,Thermaltake Litepower RGB 550w,3200,99,4.8,SEAGATE,SEAGATE FIRECUDA 2TB,2357,99,4.5,RAKK,RAKK HALIYA MATX WHITE,6986,99,5
GIGABYTE,B450M DS3H ,4500,99,4.5,INTEL,I7-9700K,19000,50,5,Cooler Master,Cooler Master MasterLiquid ML240P Mirage,4550,99,5,MSI,RTX 3080,75000,99,3.8,T-Force,T FORCE DELTA RGB 8GB 2666MHZ,2500,99,4,Thermaltake,Thermaltake Litepower 2 APFC 650w,3000,99,4.8,TEAMGROUP,TEAMGROUP GX2 256GB SSD,7995,99,4.3,RAKK,RAKK HALIYA ATX BLACK,2704,99,5
GIGABYTE,B550 AUROS PRO,11500,99,4.1,INTEL,I5-9400,8700,50,5,Cooler Gaster,Cooler Master MasterLiquid ML120R RGB,4500,99,4.8,GALAX,RTX 3090,89000,99,3.97,Kingston,KINGSTON HYPER X FURY RGB 8GB 3200MHZ,2500,99,4.3,Raidmax,Raidmax RX-500Xt 500w,1700,99,4.2,TEAMGROUP,TEAMGROUP GX2 512GB SSD,5977,99,4.9,RAKK,RAKK HALIYA MATX BLACK,3391,99,5
ASUS,MAXIMUS XII HERO WIFI,22350,99,4.8,INTEL,I3-9100F,4200,50,4.7,Arctic ,Arctic Liquid Freezer 120,5300,99,5,GALAX,RTX 3080,79000,99,4.2,Kingston,KINGSTON HYPER X FURY RGB 8GB 3000MHZ,2400,99,4.4,MSI ,MSI MPG A750GF 750w 80+ Gold Full Modular,8000,99,4,SAMSUNG,SAMSUNG 970 EVO NVME 1TB,2734,99,5,RAKK,RAKK ANYAG FROST,6516,99,5
ASUS,TUF Z490-PLUS GAMING WIFI ,9000,99,4.7,INTEL,I9-10850K,24350,50,4.8,Corsair,Corsair Hydro Series H5 SF,6800,99,4.3,INNO 3D,RTX 3090,85000,99,4.1,Ramsta,RAMSTA 4GB 2666MHZ,800,99,3.9,Intelligent,Intelligent Awake AK600W 80+ Bronze RGB,2500,99,3.5,SAMSUNG,SAMSUNG 970 EVO NVME 500GB,9125,99,5,RAKK,RAKK SINAYA,6721,99,5
ASUS,TUF B460M-PLUS GAMING WIFI,8000,99,4.6,INTEL,I7-10700KA,21500,50,5,Master Liquid,MasterLiquid ML360 Sub-Zero,4250,99,4.7,INNO 3D,RTX 3080,75000,99,5,Avexir,AVEXIR CORE 2X8GB 3200MHZ,5000,99,3.8,Coolermaster,Cooler Master MWE 550Watts 80+ Power Supply White,4000,99,4.9,SAMSUNG,SAMSUNG 970 EVO NVME 256GB,2083,99,5,RAKK,RAKK KISIG,6288,99,5
