MOTHERBOARD,MOTHERBOARD,MOTHERBOARD,MOTHERBOARD,MOTHERBOARD,CPU,CPU,CPU,CPU,CPU,CPU COOLER,CPU COOLER,CPU COOLER,CPU COOLER,CPU COOLER,GPU,GPU,GPU,GPU,GPU,RAM,RAM,RAM,RAM,RAM,PSU,PSU,PSU,PSU,PSU,STORAGE,STORAGE,STORAGE,STORAGE,STORAGE,CHASIS,CHASIS,CHASIS,CHASIS,CHASIS
BRAND,NAME,PRICE,STOCKS,USER RATING,BRAND,NAME,PRICE,STOCKS,USER RATING,BRAND,NAME,PRICE,STOCKS,USER RATING,BRAND,NAME,PRICE,STOCKS,USER RATING,BRAND,NAME,PRICE,STOCKS,USER RATING,BRAND,NAME,PRICE,STOCKS,USER RATING,BRAND,NAME,PRICE,STOCKS,USER RATING,BRAND,NAME,PRICE,STOCKS,USER RATING
MSI,MSI A320M-A PRO,3585,96,4,AMD,AMD RYZEN 9 5950X,11093,83,3.21,NOCTUA,NOCTUA NH-D15,6395,52,4.28,NVIDIA,RTX 3090,77720,78,4.52,TEAM ELITE,T FORCE DELTA RGB 2X8GB 3200MHZ,5248,93,4.33,RAKK,RAKK POWER SUPPLY 400WATTS,5925,94,3.68,WESTERN DIGITAL,WESTERN DIGITAL BLUE HARD DISK DRIVE 1TB 7200RPM,5527,74,4.72,PHANTEKS,PHANTEKS P500A,6902,83,4.87
ASUS,ASUS PRIME A320M-K,3107,61,2,AMD,AMD RYZEN 9 5950,7688,75,5,COOLER MASTER,COOLER MASTER HYPER 212 RGB BLACK EDITION,8494,61,3.62,NVIDIA,RTX 3080TI,62660,53,4.54,TEAM ELITE,T FORCE DELTA RGB 2X8GB 3000MHZ,5525,70,3.85,ELECTRON,ELECTRON 700WATTS POWER SUPPLY,6779,68,4.13,WESTERN DIGITAL,WESTERN DIGITAL BLACK CAVIAR HARD DISK DRIVE 1TB,5722,72,4.3,PHANTEKS,PHANTEKS P400A,6726,90,4.14
ASUS,ASUS EX-A320M,6944,52,2.1,AMD,AMD RYZEN 9 3900,12487,96,3.35,NOCTUA,NOCTUA NH-L9,7024,88,4.81,NVIDIA,RTX 3080,58048,92,4.53,TEAM ELITE,T FORCE DELTA RGB 8GB 3200MHZ,4632,84,3.87,INTELLIGENT,INTELLIGENT 700WATTS POWER SUPPLY,4103,93,4.35,WESTERN DIGITAL,WESTERN DIGITAL PURPLE 8TB 6400RPM SURVEILLANCE,7436,53,4,PHANTEKS,PHANTEKS P300A,3348,51,4.91
GIGABYTE,GIGABYTE A320M-S2H,3949,55,4.03,AMD,AMD RYZEN 7 5800,11346,71,3.18,NZXT,NZXT KRAKEN Z-3,9217,54,3.98,NVIDIA,RTX 3060,54063,68,4.11,TEAM ELITE,T FORCE DELTA RGB 8GB 3000MHZ,5978,67,4.08,CORSAIR,CORSAIR CV550W 80+ BRONZE,6850,83,4.37,SEAGATE,SEAGATE BARRACUDA 1TB,4763,71,4.83,RAKK,RAKK HALIYA ATX WHITE,5373,96,3.95
GIGABYTE,GIGABYTE A320M-S2H V2,7470,75,4.16,AMD,AMD RYZEN 7 5800X,14850,50,4.4,CORSAIR,CORSAIR ICUE H115I ELITE CAPELLIX,6649,99,4.56,NVIDIA,RTX 3060S,73462,50,4.73,TEAM ELITE,T FORCE DELTA RGB 2X8GB 2666MHZ,4655,74,4.09,THERMALTAKE,THERMALTAKE LITEPOWER RGB 550W,4929,61,4.6,SEAGATE,SEAGATE FIRECUDA 2TB,2357,60,4.76,RAKK,RAKK HALIYA MATX WHITE,6986,52,4.12
ASROCK,ASROCK A320M HDV,3035,54,4.33,AMD,AMD RYZEN 7 3900X,7008,90,3.31,COOLER MASTER,COOLER MASTER MASTERLIQUID ML240P MIRAGE,5137,51,4.26,AMD,RX 5900XT,53271,55,4.65,TEAM ELITE,T FORCE DELTA RGB 8GB 2666MHZ,3835,62,4.27,THERMALTAKE,THERMALTAKE LITEPOWER 2 APFC 650W,6077,76,4.36,TEAMGROUP,TEAMGROUP GX2 256GB SSD,7995,79,4.31,RAKK,RAKK HALIYA ATX BLACK,2704,69,4.66
ASROCK,ASROCK B350-K FATALITY,4369,93,4.51,AMD,AMD RYZEN 7 3900,15508,63,4.12,COOLER MASTER,COOLER MASTER MASTERLIQUID ML120R RGB,4029,90,4.7,AMD,RX 5800XT,59007,65,4.91,KINGSTON,KINGSTON HYPER X FURY RGB 2X8GB 3200MHZ,3143,95,4,RAIDMAX,RAIDMAX RX-500XT 500W,6061,90,4.12,TEAMGROUP,TEAMGROUP GX2 512GB SSD,5977,97,3.97,RAKK,RAKK HALIYA MATX BLACK,3391,57,4.51
MSI,MSI B450M MORTAR MAX,7567,90,2,AMD,AMD RYZEN 5 3600,6325,89,3.3,ASRTIC,ARCTIC LIQUID FREEZER 120,8583,65,4.7,NVIDIA,RTX 2080TI,65177,90,4.65,KINGSTON,KINGSTON HYPER X FURY RGB 2X8GB 3000MHZ,3684,82,3.59,MSI,MSI MPG A750GF 750W 80+ GOLD FULL MODULAR,4499,57,4.93,SAMSUNG,SAMSUNG 970 EVO NVME 1TB,2734,56,4.34,RAKK,RAKK ANYAG FROST,6516,82,4.94
MSI,MSI B450 TOMAHAWK MAX,8881,58,4.5,AMD,AMD RYZEN 5 3400G,15439,60,4.37,CORSAIR,CORSAIR HYDRO SERIES H5 SF,4663,66,4.81,NVIDIA,RTX 2080,52257,84,4.32,KINGSTON,KINGSTON HYPER X FURY RGB 8GB 3200MHZ,4624,97,3.88,INTELLIGENT,INTELLIGENT AWAKE AK600W 80+ BRONZE RGB,6651,62,4.33,SAMSUNG,SAMSUNG 970 EVO NVME 500GB,9125,64,3.86,RAKK,RAKK SINAYA,6721,85,4.28
ASUS,ASUS PRIME B450M-A,6515,79,2,AMD,AMD RYZEN 5 3600X,16971,59,4.57,NONAN,NOFAN CR-95C,4912,77,4.3,NVIDIA,RTX 2070,71943,58,4.64,KINGSTON,KINGSTON HYPER X FURY RGB 8GB 3000MHZ,4812,68,3.89,COOLER MASTER,COOLER MASTER MWE 550WATTS 80+ POWER SUPPLY WHITE,2915,86,4.22,SAMSUNG,SAMSUNG 970 EVO NVME 256GB,2083,98,4.96,RAKK,RAKK KISIG,6288,79,4.6
ASUS,ASUS ROG STRIX B450F,8128,86,2.3,AMD,AMD RYZEN 5 3500X,8171,92,4.74,MASTER LIQUID,MASTERLIQUID ML360 SUB-ZERO,4158,56,4.92,NVIDIA,RTX 2060S,52364,72,4.36,RAMSTA,RAMSTA 4GB 2666MHZ,3941,69,4.88,MSI,MSI MPG A850GF 850WATTS 80+ GOLD FULL MODULAR,4832,54,3.55,EAGET,EAGET SSD PRO 128GB NVME,8292,63,4.76,RAKK,RAKK ALPAS,3560,88,4.57
GIGABYTE,GIGABYTE AORUS B450M,5249,82,3.5,AMD,AMD RYZEN 5 3500,12399,84,3.96,CORSAIR,CORSAIR H115I RGB PLATINUM,3279,63,4.08,NVIDIA,RTX 2060,62124,80,4.41,AVEXIR,AVEXIR CORE 2X8GB 3200MHZ,5144,81,4.75,INPLAY,INPLAY GS450PRO 450W 80+ BRONZE,6937,71,4.38,WESTERN DIGITAL,WESTERN DIGITAL GREEN M.2 SSD 256GB,2073,100,3.83,RAKK,RAKK MARUG,4824,95,3.78
GIGABYTE,GIGABYTE B450M-S2H,3100,84,5,AMD,AMD RYZEN 5 2400G,16547,73,4.11,EVGA,EVGA CLC 240,9687,79,3.67,AMD,RX 580,62653,85,4.75,AVEXIR,AVEXIR CORE 8GB 3200MHZ,4782,99,3.98,GIGABYTE,GIGABYTE P650B 650W 80+ BRONZE,5666,64,4.85,WESTERN DIGITAL,WESTERN DIGITAL GREEN M.2 SSD 512GB,7214,55,4.65,KEYTECH,KEYTECH ARROW MID TOWER 7,6356,94,4.92
GIGABYTE,GIGABYTE B450M-S2H V2,3066,69,3,AMD,AMD RYZEN 3 3100,19488,72,4.93,CORSAIR,CORSAIR H60,5897,76,3.99,AMD,RX 570,65330,86,4.63,AVEXIR,AVEXIR CORE 2X8GB 3000MHZ,5707,57,4.35,GIGABYTE,GIGABYTE P550B 550W 80+ BRONZE,6287,60,4.37,RAMSTA,RAMSTA 128GB SSD,9627,65,4.81,KEYTECH,KEYTECH T-5000 MID TOWER,3487,87,3.72
ASUS,ASUS A520M-A,7003,68,3,AMD,AMD RYZEN 3 3100X,11182,86,3.11,COOLER MASTER,COOLER MASTER MASTERLIQUID ML360R,8248,98,3.57,NVIDIA,GTX 1050TI,56146,59,4.02,AVEXIR,AVEXIR CORE 8GB 3000MHZ,5790,56,3.72,SEASONIC,SEASONIC S12III 550W 80+ BRONZE,6526,99,4,RAMSTA,RAMSTA 256GB SSD,8295,59,4.01,KEYTECH,KEYTECH T-300 MID TOWER,3596,72,4.13
